Destination,Travel Date,Your Interests,AI Travel Recommendation,flag,username,timestamp
Varanasi,2025-10-29,"Festivals & Events, Photography"," **Travel Recommendation for Varanasi**

**Recommendation: Go**

1.  **Go/Avoid/Consider:** Go. Varanasi on 2025-10-29 is recommended based on favorable weather conditions and potential for cultural experiences.

2.  **Weather-based reasoning:**
    *   Average temperature of 23.9°C is comfortable for most travelers.
    *   Overcast skies and no rain provide good conditions for outdoor activities and photography.
    *   October generally has pleasant weather, making it ideal for sightseeing.

3.  **Tips and alternatives:**
    *   **Festival Check:** Diwali is a possibility during this period, which will offer great photographic opportunities and cultural experiences. Check the local festival calendar closer to the date to confirm.
    *   **Photography Focus:** Early morning and late afternoon light will be best for photography along the ghats.
    *   **Ghat Exploration:** Explore different ghats (Dasaswamedh, Manikarnika, Assi) for diverse experiences and photo opportunities.
    *   **Boat Ride:** A boat ride on the Ganges during sunrise or sunset offers unique perspectives.
    *   **Crowd Management:** Be prepared for moderate crowds. Consider visiting during off-peak hours (mid-morning or mid-afternoon) to avoid the biggest rushes.
    *   **Alternative:** If specific festivals aren't confirmed, consider visiting other culturally rich cities in Rajasthan (e.g., Jaipur, Udaipur) known for their historical sites and vibrant culture, offering similar photographic opportunities.

4.  **Suitability score:** 9/10

    *   The score reflects the excellent weather conditions, potential for experiencing festivals, and overall suitability for photography and cultural immersion. The score is not a perfect 10 because the exact dates of festivals are not yet confirmed, requiring pre-trip verification and planning.",False,anonymous,2025-10-27T13:24:32.597007
,,Follow-up: Popular Food," **Follow-up on Previous Recommendation**

Varanasi offers a rich culinary experience. Here are some popular foods you should try:

*   **Street Food:**
    *   **Kachori Sabzi:** A deep-fried bread served with a spicy potato curry, a very common breakfast.
    *   **Chole Bhature:** Another popular North Indian dish, consisting of spicy chickpeas (chole) and fried bread (bhature).
    *   **Baati Chokha:** A traditional dish made with wheat balls baked in a clay oven (baati) and served with mashed potatoes, eggplant, and spices (chokha).
    *   **Lassi:** A yogurt-based drink, available in sweet and savory variations.
    *   **Thandai:** A refreshing milk-based drink flavored with nuts, seeds, and spices, often associated with festivals.
    *   **Malaiyo:** A seasonal sweet dish made from milk foam, flavored with cardamom and saffron, available during winter.
    *   **Jalebi:** A deep-fried, syrupy sweet.
    *   **Rabri:** A sweet dish made from thickened milk.

*   **Main Courses:**
    *   **Thali:** A platter with an assortment of dishes, providing a comprehensive culinary experience.

*   **Sweets:**
    *   **Lassi:** While mentioned under street food, the sweet Lassi in Varanasi is a must-try dessert.
    *   **Launglata:** A traditional sweet pastry filled with khoya (reduced milk) and nuts, flavored with cloves.

*   **Drinks:**
    *   **Masala Chai:** Spiced Indian tea, a staple beverage.

**Tips for Food Exploration:**

*   **Hygiene:** Opt for reputable vendors or restaurants to ensure food safety.
*   **Local Recommendations:** Ask locals for their favorite food stalls or eateries.
*   **Variety:** Don't be afraid to try different dishes and flavors.
*   **Spice Level:** Be mindful of the spice level, as some dishes can be quite hot.
*   **Benares Hindu University (BHU) area:** This area has many food stalls.
*   **Ghats:** The ghats have places to get food, but might not be the best quality.",False,anonymous,2025-10-27T13:24:52.069100
Antarctica,2025-11-26,"Photography, Adventure & Hiking"," **Travel Recommendation for Antarctica**

**Recommendation:** Consider visiting Antarctica on 2025-11-26, but with careful planning and realistic expectations.

**Reasoning:**

*   **Weather:** November in Antarctica offers increasing daylight and slightly milder temperatures compared to the winter months. However, the weather remains highly unpredictable, with potential for strong winds, snow, and rapidly changing conditions. Be prepared for a wide range of temperatures (approximately -5°C to 5°C or 23°F to 41°F) and pack accordingly. The retreating sea ice allows for increased access to landing sites, but ice conditions can still be variable. Since a specific forecast for 2025-11-26 is unavailable, flexibility in your itinerary is essential.

*   **Photography:** The extended daylight hours in November are ideal for photography, providing ample opportunity to capture the Antarctic landscape, ice formations, and wildlife. The returning wildlife, such as penguins and seals, offers excellent subjects. However, be aware that weather changes can impact visibility and photographic conditions. Bring appropriate gear to protect your equipment from the elements.

*   **Adventure & Hiking:** As the ice melts, more landing sites become accessible, potentially enabling a variety of hiking and exploration opportunities. Be aware that hiking conditions can be challenging due to snow and ice. Choose an expedition operator that offers itineraries with hiking options suitable for your fitness level and experience. Check the details of the proposed hikes and their difficulty.

*   **Crowds:** November is the early part of the tourist season, so expect moderate crowd levels. This means you will likely encounter other ships and travelers, which may impact the sense of isolation.

**Tips and Alternatives:**

*   **Book with a Reputable Tour Operator:** This is crucial for safety and access to the best locations. Look for operators with experienced guides and a strong safety record. Ask about their contingency plans in case of weather disruptions.
*   **Pack for All Types of Weather:** Layering is essential. Include thermal underwear, fleece jackets, waterproof and windproof outerwear, hats, gloves, and sturdy, waterproof hiking boots. Don't forget sunscreen and sunglasses, as the sun's reflection off the snow and ice can be intense.
*   **Be Flexible:** The weather in Antarctica can change rapidly, so be prepared to adjust your itinerary as needed.
*   **Consider Shoulder Season:** If you're concerned about crowds or want to experience a different aspect of Antarctica, consider traveling in the late season (February/March) for potential whale sightings.
*   **Check Specific Itineraries:** Different tour operators offer different itineraries with varying levels of hiking and adventure opportunities. Carefully review the itinerary to ensure it meets your interests. Look for itineraries that spend more time on land and offer a variety of activities.
*   **Research Landing Sites**: Familiarize yourself with potential landing sites and their photographic opportunities.

**Suitability Score:**

*   Overall Suitability: 7/10

This score reflects the good opportunities for photography and adventure, balanced against the unpredictable weather and moderate crowd levels. The lack of a specific weather forecast for the date slightly reduces the score. The score can be improved by finding tour operators with very flexible plans and good options for photography and hiking even in challenging weather.",False,anonymous,2025-10-27T13:37:16.624689
,,," Error generating recommendation: litellm.InternalServerError: litellm.InternalServerError: geminiException - {
  ""error"": {
    ""code"": 503,
    ""message"": ""The model is overloaded. Please try again later."",
    ""status"": ""UNAVAILABLE""
  }
}
",True,anonymous,2025-10-27T13:38:18.880957
Delhi,2025-11-26,Food & Dining," **Travel Recommendation for Delhi**

**Recommendation:** Consider

**Reasoning:**

*   **Weather:** While a specific forecast is unavailable, late November in Delhi typically offers pleasant weather with comfortable temperatures, suitable for exploring the city and enjoying outdoor dining. This makes it a good time to visit for general sightseeing and food exploration. However, the lack of a precise forecast necessitates caution.
*   **Food & Dining:** Delhi is a food lover's paradise with a vast array of options. The weather in late November is conducive to enjoying street food and outdoor dining experiences.
*   **Crowd Levels:** Moderate crowd levels mean that while attractions and restaurants will be open, they might be somewhat busy. This is manageable, but requires some planning.

**Tips & Alternatives:**

*   **Check the Weather:** As the trip approaches, monitor the weather forecast closely. Pack layers to adjust to potential temperature variations.
*   **Food Events:** Search for local food festivals or special dining events happening during your visit. Websites like ""Zomato,"" ""Delhi Food Walks,"" or local event listings can provide information.
*   **Restaurant Reservations:** Make reservations, especially for popular restaurants, to avoid wait times.
*   **Explore Diverse Cuisines:** Delhi offers a wide range of cuisines, from Mughlai and North Indian to South Indian and international. Be adventurous and try different dishes and restaurants. Consider a guided food tour.
*   **Street Food Safety:** Exercise caution when eating street food. Choose vendors with clean stalls and freshly prepared food. Look for places with high customer turnover.
*   **Alternative Destinations (If weather is unexpectedly poor):** If the weather turns out to be unfavorable, consider indoor activities such as visiting museums (National Museum, National Rail Museum), exploring historical monuments (Red Fort, Humayun's Tomb), or shopping in malls (Select Citywalk, DLF Promenade).

**Suitability Score:** 7/10",False,anonymous,2025-10-27T13:58:00.553967
,,Follow-up: Alt," **Follow-up on Previous Recommendation**

If you're seeking alternatives to Delhi in late November, consider these options, keeping in mind the initial focus on pleasant weather, food, and manageable crowds:

*   **Jaipur, Rajasthan:** Known as the ""Pink City,"" Jaipur offers a rich cultural experience with forts, palaces, and vibrant markets. The weather in late November is typically sunny and pleasant. Rajasthan is also renowned for its delicious cuisine, offering a different but equally compelling food scene compared to Delhi. Crowd levels are generally moderate, but pre-booking accommodations and tours is still recommended.

*   **Agra, Uttar Pradesh:** Home to the Taj Mahal, Agra provides a historical and architectural feast. The weather is similar to Delhi's in late November. While the Taj Mahal can be crowded, visiting during early morning hours can help mitigate this. Agra also offers Mughal-influenced cuisine.

*   **Amritsar, Punjab:** If you are particularly interested in experiencing a different culture and cuisine, Amritsar could be a good option. The Golden Temple is a must-see, and the food scene is heavily influenced by Punjabi flavors, known for being rich and flavourful. Late November offers comfortable weather.

*   **Udaipur, Rajasthan:** Udaipur, the ""City of Lakes,"" offers a romantic and picturesque setting. The weather is generally pleasant in late November. You can explore palaces, enjoy boat rides on the lakes, and indulge in Rajasthani cuisine.

When choosing an alternative, check the specific weather forecast for that destination closer to your travel dates. Research food specialties and potential events happening in each location during your visit.",False,anonymous,2025-10-27T13:58:44.805179
Delhi,2025-10-29,Shopping," **Travel Recommendation for Delhi**

**Recommendation:** Go

**Weather-Based Reasoning:** The weather forecast for Delhi on 2025-10-29 indicates favorable conditions for travel and shopping. An average temperature of 28.5°C with overcast skies and no rain makes for a comfortable outdoor experience. October is generally a pleasant time to visit Delhi.

**Tips and Alternatives:**

*   **Shopping Strategies:** Given the ""moderate"" crowd levels expected, plan your shopping trips strategically. Consider visiting markets and shops during off-peak hours (e.g., weekday mornings) to avoid the largest crowds. Explore local markets away from the main tourist areas for potentially better deals and a more authentic shopping experience.
*   **Beyond Shopping:** While your primary interest is shopping, take advantage of the opportunity to explore Delhi's rich cultural heritage. Visit historical sites like Humayun's Tomb or Qutub Minar, especially if you find yourself needing a break from shopping.
*   **Bargaining:** Bargaining is common in many Delhi markets, so be prepared to negotiate prices, especially in local bazaars.
*   **Transportation:** Utilize Delhi's metro system to navigate efficiently between different shopping areas. Consider hiring a driver for the day if you plan to visit multiple locations spread across the city.
*   **Alternatives:** If you are extremely crowd-averse and solely focused on shopping, consider other destinations in India known for specific items (e.g., Jaipur for gems and textiles) or visiting Delhi during the off-season (though weather might be less ideal).

**Suitability Score:** 7/10

**Justification for Score:** The score reflects the pleasant weather conditions suitable for shopping and outdoor activities. The ""moderate"" crowd level and the fact that Delhi isn't exclusively a shopping destination slightly lower the score. However, for someone interested in combining shopping with cultural experiences, Delhi in late October is a good choice.",False,anonymous,2025-10-27T16:07:54.936647
